scountry,scoursestart,sdeadline,sdegree,stitle,suni,surl
Study in: Netherlands,September 2024,31 January 2024 (annual),Masters Degree,Radboud Scholarship Programme for International Students,Radboud University,https://www.scholars4dev.com/6127/radboud-university-scholarships-for-international-students/
Study in:  Netherlands,September 2024,1 Feb 2024 (annual),Masters Degree,Maastricht University NL-High Potential Scholarships for International Students,Maastricht University,https://www.scholars4dev.com/2808/scholarships-for-high-potential-international-students-at-maastricht-university/
Study in:  Canada,2024,15 Nov/1 Dec (annual),Bachelor’s Degree,International Scholars Program at University of British Columbia,University of British Columbia,https://www.scholars4dev.com/2333/ilot-scholarships-at-university-of-british-columbia/
Study in:  Netherlands,September 2024,1 December (annual),Masters Degree,Eric Bleumink Scholarships at University of Groningen,University of Groningen,https://www.scholars4dev.com/2457/eric-bleumink-scholarships-for-developing-countries-at-university-of-groningen/
Study in: Netherlands,September 2024,1 Dec 2023/1 Feb 2024 (annual),Masters Degree,VU Amsterdam Fellowship Programme for International Students,VU University Amsterdam,https://www.scholars4dev.com/9784/vu-university-amsterdam-fellowship-programme-for-international-students/
Study in: UK,October 2024,5 Dec 2023/4 Jan 2024 (annual),PhD Degree,Cambridge International Scholarships,University of Cambridge,https://www.scholars4dev.com/9330/cambridge-international-scholarship-scheme-ciss/
Study in: USA,August 2024,15 Dec 2023/15 Jan 2024 (annual),Bachelors Degree,American University Emerging Global Leader Scholarship,American University,https://www.scholars4dev.com/7085/american-university-scholarships-for-international-students/
"Study in: London, UK",October 2024,12/14 Dec 2023 (annual),PhD Degree,Warwick Chancellor’s International Scholarships,University of Warwick,https://www.scholars4dev.com/9316/warwick-chancellors-international-scholarships/
Study in:  UK,October 2024,5 Jan/19 Jan 2024 (annual),Masters/PhD Degrees,Clarendon Fund Scholarships at University of Oxford,Oxford University Press,https://www.scholars4dev.com/2269/clarendon-scholarships-at-university-of-oxford/
